<?xml version="1.0" encoding="UTF-8"?>
<GenRun Id="impl_1" LaunchPart="xc7a35tcpg236-1" LaunchTime="1586961182">
  <File Type="ROUTE-PWR" Name="and_or_not_xor_power_routed.rpt"/>
  <File Type="PA-TCL" Name="and_or_not_xor.tcl"/>
  <File Type="BITSTR-BMM" Name="and_or_not_xor_bd.bmm"/>
  <File Type="ROUTE-PWR-SUM" Name="and_or_not_xor_power_summary_routed.pb"/>
  <File Type="REPORTS-TCL" Name="and_or_not_xor_reports.tcl"/>
  <File Type="OPT-DCP" Name="and_or_not_xor_opt.dcp"/>
  <File Type="OPT-DRC" Name="and_or_not_xor_drc_opted.rpt"/>
  <File Type="OPT-HWDEF" Name="and_or_not_xor.hwdef"/>
  <File Type="PWROPT-DCP" Name="and_or_not_xor_pwropt.dcp"/>
  <File Type="PLACE-DCP" Name="and_or_not_xor_placed.dcp"/>
  <File Type="PLACE-IO" Name="and_or_not_xor_io_placed.rpt"/>
  <File Type="PLACE-UTIL" Name="and_or_not_xor_utilization_placed.rpt"/>
  <File Type="PLACE-UTIL-PB" Name="and_or_not_xor_utilization_placed.pb"/>
  <File Type="PLACE-CTRL" Name="and_or_not_xor_control_sets_placed.rpt"/>
  <File Type="PLACE-PRE-SIMILARITY" Name="and_or_not_xor_incremental_reuse_pre_placed.rpt"/>
  <File Type="POSTPLACE-PWROPT-DCP" Name="and_or_not_xor_postplace_pwropt.dcp"/>
  <File Type="BG-BIN" Name="and_or_not_xor.bin"/>
  <File Type="PHYSOPT-DCP" Name="and_or_not_xor_physopt.dcp"/>
  <File Type="BITSTR-MSK" Name="and_or_not_xor.msk"/>
  <File Type="ROUTE-ERROR-DCP" Name="and_or_not_xor_routed_error.dcp"/>
  <File Type="ROUTE-DCP" Name="and_or_not_xor_routed.dcp"/>
  <File Type="ROUTE-BLACKBOX-DCP" Name="and_or_not_xor_routed_bb.dcp"/>
  <File Type="ROUTE-DRC" Name="and_or_not_xor_drc_routed.rpt"/>
  <File Type="ROUTE-DRC-PB" Name="and_or_not_xor_drc_routed.pb"/>
  <File Type="ROUTE-DRC-RPX" Name="and_or_not_xor_drc_routed.rpx"/>
  <File Type="ROUTE-METHODOLOGY-DRC" Name="and_or_not_xor_methodology_drc_routed.rpt"/>
  <File Type="BITSTR-MMI" Name="and_or_not_xor.mmi"/>
  <File Type="ROUTE-METHODOLOGY-DRC-RPX" Name="and_or_not_xor_methodology_drc_routed.rpx"/>
  <File Type="ROUTE-METHODOLOGY-DRC-PB" Name="and_or_not_xor_methodology_drc_routed.pb"/>
  <File Type="ROUTE-PWR-RPX" Name="and_or_not_xor_power_routed.rpx"/>
  <File Type="ROUTE-STATUS" Name="and_or_not_xor_route_status.rpt"/>
  <File Type="ROUTE-STATUS-PB" Name="and_or_not_xor_route_status.pb"/>
  <File Type="ROUTE-TIMINGSUMMARY" Name="and_or_not_xor_timing_summary_routed.rpt"/>
  <File Type="ROUTE-TIMING-PB" Name="and_or_not_xor_timing_summary_routed.pb"/>
  <File Type="ROUTE-TIMING-RPX" Name="and_or_not_xor_timing_summary_routed.rpx"/>
  <File Type="ROUTE-CLK" Name="and_or_not_xor_clock_utilization_routed.rpt"/>
  <File Type="ROUTE-BUS-SKEW" Name="and_or_not_xor_bus_skew_routed.rpt"/>
  <File Type="ROUTE-BUS-SKEW-PB" Name="and_or_not_xor_bus_skew_routed.pb"/>
  <File Type="ROUTE-BUS-SKEW-RPX" Name="and_or_not_xor_bus_skew_routed.rpx"/>
  <File Type="POSTROUTE-PHYSOPT-DCP" Name="and_or_not_xor_postroute_physopt.dcp"/>
  <File Type="POSTROUTE-PHYSOPT-BLACKBOX-DCP" Name="and_or_not_xor_postroute_physopt_bb.dcp"/>
  <File Type="BG-BIT" Name="and_or_not_xor.bit"/>
  <File Type="BITSTR-RBT" Name="and_or_not_xor.rbt"/>
  <File Type="BITSTR-NKY" Name="and_or_not_xor.nky"/>
  <File Type="PDI-FILE" Name="and_or_not_xor.pdi"/>
  <File Type="RCFI_FILE" Name="and_or_not_xor.rcfi"/>
  <File Type="CFI_FILE" Name="and_or_not_xor.cfi"/>
  <File Type="RNPI_FILE" Name="and_or_not_xor.rnpi"/>
  <File Type="NPI_FILE" Name="and_or_not_xor.npi"/>
  <File Type="RBD_FILE" Name="and_or_not_xor.rbd"/>
  <File Type="BITSTR-LTX" Name="and_or_not_xor.ltx"/>
  <File Type="BITSTR-SYSDEF" Name="and_or_not_xor.sysdef"/>
  <File Type="BG-BGN" Name="and_or_not_xor.bgn"/>
  <File Type="BG-DRC" Name="and_or_not_xor.drc"/>
  <File Type="RDI-RDI" Name="and_or_not_xor.vdi"/>
  <File Type="WBT-USG" Name="usage_statistics_webtalk.html"/>
  <FileSet Name="sources" Type="DesignSrcs" RelSrcDir="$PSRCDIR/sources_1">
    <Filter Type="Srcs"/>
    <File Path="$PSRCDIR/sources_1/new/and_or_not_xor.v">
      <FileInfo>
        <Attr Name="ImportPath" Val="$PPRDIR/../lab2ece2029/lab2ece2029.srcs/sources_1/new/and_or_not_xor.v"/>
        <Attr Name="ImportTime" Val="1586961073"/>
        <Attr Name="UsedIn" Val="synthesis"/>
        <Attr Name="UsedIn" Val="implementation"/>
        <Attr Name="UsedIn" Val="simulation"/>
      </FileInfo>
    </File>
    <Config>
      <Option Name="DesignMode" Val="RTL"/>
      <Option Name="TopModule" Val="and_or_not_xor"/>
      <Option Name="TopAutoSet" Val="TRUE"/>
    </Config>
  </FileSet>
  <FileSet Name="constrs_in" Type="Constrs" RelSrcDir="$PSRCDIR/constrs_1">
    <Filter Type="Constrs"/>
    <Config>
      <Option Name="ConstrsType" Val="XDC"/>
    </Config>
  </FileSet>
  <FileSet Name="utils" Type="Utils" RelSrcDir="$PSRCDIR/utils_1">
    <Filter Type="Utils"/>
    <Config>
      <Option Name="TopAutoSet" Val="TRUE"/>
    </Config>
  </FileSet>
  <Strategy Version="1" Minor="2">
    <StratHandle Name="Vivado Implementation Defaults" Flow="Vivado Implementation 2019"/>
    <Step Id="init_design"/>
    <Step Id="opt_design"/>
    <Step Id="power_opt_design"/>
    <Step Id="place_design"/>
    <Step Id="post_place_power_opt_design"/>
    <Step Id="phys_opt_design" EnableStepBool="1"/>
    <Step Id="route_design"/>
    <Step Id="post_route_phys_opt_design"/>
    <Step Id="write_bitstream"/>
    <Step Id="write_device_image"/>
  </Strategy>
</GenRun>
