<?xml version="1.0" encoding="UTF-8"?>
<GenRun Id="synth_1" LaunchPart="xc7a35tcpg236-1" LaunchTime="1587595300">
  <File Type="PA-TCL" Name="fourBitToSevenSegment.tcl"/>
  <File Type="REPORTS-TCL" Name="fourBitToSevenSegment_reports.tcl"/>
  <File Type="RDS-RDS" Name="fourBitToSevenSegment.vds"/>
  <File Type="RDS-UTIL" Name="fourBitToSevenSegment_utilization_synth.rpt"/>
  <File Type="RDS-UTIL-PB" Name="fourBitToSevenSegment_utilization_synth.pb"/>
  <File Type="RDS-DCP" Name="fourBitToSevenSegment.dcp"/>
  <FileSet Name="sources" Type="DesignSrcs" RelSrcDir="$PSRCDIR/sources_1">
    <Filter Type="Srcs"/>
    <File Path="$PSRCDIR/sources_1/new/fourBitAdder.v">
      <FileInfo>
        <Attr Name="ImportPath" Val="$PPRDIR/old boi.srcs/sources_1/new/fourBitAdder.v"/>
        <Attr Name="ImportTime" Val="1587592323"/>
        <Attr Name="UsedIn" Val="synthesis"/>
        <Attr Name="UsedIn" Val="implementation"/>
        <Attr Name="UsedIn" Val="simulation"/>
      </FileInfo>
    </File>
    <File Path="$PSRCDIR/sources_1/new/oenebitfulladder.v">
      <FileInfo>
        <Attr Name="ImportPath" Val="$PPRDIR/../Lab1Prelab.srcs/sources_1/new/oenebitfulladder.v"/>
        <Attr Name="ImportTime" Val="1587584205"/>
        <Attr Name="UsedIn" Val="synthesis"/>
        <Attr Name="UsedIn" Val="implementation"/>
        <Attr Name="UsedIn" Val="simulation"/>
      </FileInfo>
    </File>
    <File Path="$PSRCDIR/sources_1/new/seven_segment.v">
      <FileInfo>
        <Attr Name="ImportPath" Val="$PPRDIR/old boi.srcs/sources_1/new/seven_segment.v"/>
        <Attr Name="ImportTime" Val="1587595295"/>
        <Attr Name="UsedIn" Val="synthesis"/>
        <Attr Name="UsedIn" Val="implementation"/>
        <Attr Name="UsedIn" Val="simulation"/>
      </FileInfo>
    </File>
    <File Path="$PSRCDIR/sources_1/new/fourBitToSevenSegment.v">
      <FileInfo>
        <Attr Name="ImportPath" Val="$PPRDIR/old boi.srcs/sources_1/new/fourBitToSevenSegment.v"/>
        <Attr Name="ImportTime" Val="1587594600"/>
        <Attr Name="UsedIn" Val="synthesis"/>
        <Attr Name="UsedIn" Val="implementation"/>
        <Attr Name="UsedIn" Val="simulation"/>
      </FileInfo>
    </File>
    <Config>
      <Option Name="DesignMode" Val="RTL"/>
      <Option Name="TopModule" Val="fourBitToSevenSegment"/>
    </Config>
  </FileSet>
  <FileSet Name="constrs_in" Type="Constrs" RelSrcDir="$PSRCDIR/constrs_1">
    <Filter Type="Constrs"/>
    <File Path="$PSRCDIR/constrs_1/new/seven_segement.xdc">
      <FileInfo>
        <Attr Name="ImportPath" Val="$PPRDIR/../Lab1Prelab.srcs/constrs_1/new/seven_segement.xdc"/>
        <Attr Name="ImportTime" Val="1587584204"/>
        <Attr Name="UsedIn" Val="synthesis"/>
        <Attr Name="UsedIn" Val="implementation"/>
      </FileInfo>
    </File>
    <Config>
      <Option Name="ConstrsType" Val="XDC"/>
    </Config>
  </FileSet>
  <FileSet Name="utils" Type="Utils" RelSrcDir="$PSRCDIR/utils_1">
    <Filter Type="Utils"/>
    <Config>
      <Option Name="TopAutoSet" Val="TRUE"/>
    </Config>
  </FileSet>
  <Strategy Version="1" Minor="2">
    <StratHandle Name="Vivado Synthesis Defaults" Flow="Vivado Synthesis 2018"/>
    <Step Id="synth_design"/>
  </Strategy>
</GenRun>
