<?xml version="1.0" encoding="UTF-8"?>
<GenRun Id="impl_1" LaunchPart="xc7a35tcpg236-1" LaunchTime="1587595301">
  <File Type="ROUTE-PWR" Name="fourBitToSevenSegment_power_routed.rpt"/>
  <File Type="PA-TCL" Name="fourBitToSevenSegment.tcl"/>
  <File Type="BITSTR-BMM" Name="fourBitToSevenSegment_bd.bmm"/>
  <File Type="ROUTE-PWR-SUM" Name="fourBitToSevenSegment_power_summary_routed.pb"/>
  <File Type="REPORTS-TCL" Name="fourBitToSevenSegment_reports.tcl"/>
  <File Type="OPT-DCP" Name="fourBitToSevenSegment_opt.dcp"/>
  <File Type="OPT-DRC" Name="fourBitToSevenSegment_drc_opted.rpt"/>
  <File Type="OPT-HWDEF" Name="fourBitToSevenSegment.hwdef"/>
  <File Type="PWROPT-DCP" Name="fourBitToSevenSegment_pwropt.dcp"/>
  <File Type="PLACE-DCP" Name="fourBitToSevenSegment_placed.dcp"/>
  <File Type="PLACE-IO" Name="fourBitToSevenSegment_io_placed.rpt"/>
  <File Type="PLACE-UTIL" Name="fourBitToSevenSegment_utilization_placed.rpt"/>
  <File Type="PLACE-UTIL-PB" Name="fourBitToSevenSegment_utilization_placed.pb"/>
  <File Type="PLACE-CTRL" Name="fourBitToSevenSegment_control_sets_placed.rpt"/>
  <File Type="PLACE-PRE-SIMILARITY" Name="fourBitToSevenSegment_incremental_reuse_pre_placed.rpt"/>
  <File Type="BG-BGN" Name="fourBitToSevenSegment.bgn"/>
  <File Type="POSTPLACE-PWROPT-DCP" Name="fourBitToSevenSegment_postplace_pwropt.dcp"/>
  <File Type="BG-BIN" Name="fourBitToSevenSegment.bin"/>
  <File Type="PHYSOPT-DCP" Name="fourBitToSevenSegment_physopt.dcp"/>
  <File Type="BITSTR-MSK" Name="fourBitToSevenSegment.msk"/>
  <File Type="ROUTE-ERROR-DCP" Name="fourBitToSevenSegment_routed_error.dcp"/>
  <File Type="ROUTE-DCP" Name="fourBitToSevenSegment_routed.dcp"/>
  <File Type="ROUTE-BLACKBOX-DCP" Name="fourBitToSevenSegment_routed_bb.dcp"/>
  <File Type="ROUTE-DRC" Name="fourBitToSevenSegment_drc_routed.rpt"/>
  <File Type="ROUTE-DRC-PB" Name="fourBitToSevenSegment_drc_routed.pb"/>
  <File Type="ROUTE-DRC-RPX" Name="fourBitToSevenSegment_drc_routed.rpx"/>
  <File Type="BITSTR-LTX" Name="fourBitToSevenSegment.ltx"/>
  <File Type="ROUTE-METHODOLOGY-DRC" Name="fourBitToSevenSegment_methodology_drc_routed.rpt"/>
  <File Type="BITSTR-MMI" Name="fourBitToSevenSegment.mmi"/>
  <File Type="ROUTE-METHODOLOGY-DRC-RPX" Name="fourBitToSevenSegment_methodology_drc_routed.rpx"/>
  <File Type="ROUTE-METHODOLOGY-DRC-PB" Name="fourBitToSevenSegment_methodology_drc_routed.pb"/>
  <File Type="BITSTR-SYSDEF" Name="fourBitToSevenSegment.sysdef"/>
  <File Type="ROUTE-PWR-RPX" Name="fourBitToSevenSegment_power_routed.rpx"/>
  <File Type="ROUTE-STATUS" Name="fourBitToSevenSegment_route_status.rpt"/>
  <File Type="ROUTE-STATUS-PB" Name="fourBitToSevenSegment_route_status.pb"/>
  <File Type="ROUTE-TIMINGSUMMARY" Name="fourBitToSevenSegment_timing_summary_routed.rpt"/>
  <File Type="ROUTE-TIMING-PB" Name="fourBitToSevenSegment_timing_summary_routed.pb"/>
  <File Type="ROUTE-TIMING-RPX" Name="fourBitToSevenSegment_timing_summary_routed.rpx"/>
  <File Type="ROUTE-CLK" Name="fourBitToSevenSegment_clock_utilization_routed.rpt"/>
  <File Type="RDI-RDI" Name="fourBitToSevenSegment.vdi"/>
  <File Type="ROUTE-BUS-SKEW" Name="fourBitToSevenSegment_bus_skew_routed.rpt"/>
  <File Type="ROUTE-BUS-SKEW-PB" Name="fourBitToSevenSegment_bus_skew_routed.pb"/>
  <File Type="ROUTE-BUS-SKEW-RPX" Name="fourBitToSevenSegment_bus_skew_routed.rpx"/>
  <File Type="POSTROUTE-PHYSOPT-DCP" Name="fourBitToSevenSegment_postroute_physopt.dcp"/>
  <File Type="POSTROUTE-PHYSOPT-BLACKBOX-DCP" Name="fourBitToSevenSegment_postroute_physopt_bb.dcp"/>
  <File Type="BG-BIT" Name="fourBitToSevenSegment.bit"/>
  <File Type="BITSTR-RBT" Name="fourBitToSevenSegment.rbt"/>
  <File Type="BITSTR-NKY" Name="fourBitToSevenSegment.nky"/>
  <File Type="BG-DRC" Name="fourBitToSevenSegment.drc"/>
  <File Type="WBT-USG" Name="usage_statistics_webtalk.html"/>
  <FileSet Name="sources" Type="DesignSrcs" RelSrcDir="$PSRCDIR/sources_1">
    <Filter Type="Srcs"/>
    <File Path="$PSRCDIR/sources_1/new/fourBitAdder.v">
      <FileInfo>
        <Attr Name="ImportPath" Val="$PPRDIR/old boi.srcs/sources_1/new/fourBitAdder.v"/>
        <Attr Name="ImportTime" Val="1587592323"/>
        <Attr Name="UsedIn" Val="synthesis"/>
        <Attr Name="UsedIn" Val="implementation"/>
        <Attr Name="UsedIn" Val="simulation"/>
      </FileInfo>
    </File>
    <File Path="$PSRCDIR/sources_1/new/oenebitfulladder.v">
      <FileInfo>
        <Attr Name="ImportPath" Val="$PPRDIR/../Lab1Prelab.srcs/sources_1/new/oenebitfulladder.v"/>
        <Attr Name="ImportTime" Val="1587584205"/>
        <Attr Name="UsedIn" Val="synthesis"/>
        <Attr Name="UsedIn" Val="implementation"/>
        <Attr Name="UsedIn" Val="simulation"/>
      </FileInfo>
    </File>
    <File Path="$PSRCDIR/sources_1/new/seven_segment.v">
      <FileInfo>
        <Attr Name="ImportPath" Val="$PPRDIR/old boi.srcs/sources_1/new/seven_segment.v"/>
        <Attr Name="ImportTime" Val="1587595295"/>
        <Attr Name="UsedIn" Val="synthesis"/>
        <Attr Name="UsedIn" Val="implementation"/>
        <Attr Name="UsedIn" Val="simulation"/>
      </FileInfo>
    </File>
    <File Path="$PSRCDIR/sources_1/new/fourBitToSevenSegment.v">
      <FileInfo>
        <Attr Name="ImportPath" Val="$PPRDIR/old boi.srcs/sources_1/new/fourBitToSevenSegment.v"/>
        <Attr Name="ImportTime" Val="1587594600"/>
        <Attr Name="UsedIn" Val="synthesis"/>
        <Attr Name="UsedIn" Val="implementation"/>
        <Attr Name="UsedIn" Val="simulation"/>
      </FileInfo>
    </File>
    <Config>
      <Option Name="DesignMode" Val="RTL"/>
      <Option Name="TopModule" Val="fourBitToSevenSegment"/>
    </Config>
  </FileSet>
  <FileSet Name="constrs_in" Type="Constrs" RelSrcDir="$PSRCDIR/constrs_1">
    <Filter Type="Constrs"/>
    <File Path="$PSRCDIR/constrs_1/new/seven_segement.xdc">
      <FileInfo>
        <Attr Name="ImportPath" Val="$PPRDIR/../Lab1Prelab.srcs/constrs_1/new/seven_segement.xdc"/>
        <Attr Name="ImportTime" Val="1587584204"/>
        <Attr Name="UsedIn" Val="synthesis"/>
        <Attr Name="UsedIn" Val="implementation"/>
      </FileInfo>
    </File>
    <Config>
      <Option Name="ConstrsType" Val="XDC"/>
    </Config>
  </FileSet>
  <FileSet Name="utils" Type="Utils" RelSrcDir="$PSRCDIR/utils_1">
    <Filter Type="Utils"/>
    <Config>
      <Option Name="TopAutoSet" Val="TRUE"/>
    </Config>
  </FileSet>
  <Strategy Version="1" Minor="2">
    <StratHandle Name="Vivado Implementation Defaults" Flow="Vivado Implementation 2018"/>
    <Step Id="init_design"/>
    <Step Id="opt_design"/>
    <Step Id="power_opt_design"/>
    <Step Id="place_design"/>
    <Step Id="post_place_power_opt_design"/>
    <Step Id="phys_opt_design"/>
    <Step Id="route_design"/>
    <Step Id="post_route_phys_opt_design"/>
    <Step Id="write_bitstream">
      <Option Id="BinFile">1</Option>
    </Step>
  </Strategy>
</GenRun>
